bias,bias_strength,n_broadcasters,broadcast_opinion,convince_range,converge_mult,grid_length,opinion_type,stubborn_fraction,seed,replication,converged,convergence_step,final_variance,final_mean,n_clusters,polarisation
0.5,0.0,0,1.0,0.1,0.1,10,continuous,0.0,121,121,False,500,0.092105,0.4692,6,0.01
0.5,0.0,0,1.0,0.1,0.1,10,continuous,0.0,1121,1121,False,500,0.076985,0.5009,8,0.01
0.5,0.0,0,1.0,0.1,0.1,10,continuous,0.0,2121,2121,False,500,0.075173,0.5096,6,0.01
0.5,0.0,0,1.0,0.1,0.1,10,continuous,0.0,3121,3121,False,500,0.078095,0.4785,8,0.01
0.5,0.0,0,1.0,0.1,0.1,10,continuous,0.0,4121,4121,False,500,0.088462,0.5146,6,0.01
0.5,0.0,0,1.0,0.1,0.1,10,continuous,0.1,602,602,False,500,0.082494,0.5261,6,0.01
0.5,0.0,0,1.0,0.1,0.1,10,continuous,0.1,1602,1602,False,500,0.085107,0.5133,6,0.01
0.5,0.0,0,1.0,0.1,0.1,10,continuous,0.1,2602,2602,False,500,0.071029,0.4711,7,0.01
0.5,0.0,0,1.0,0.1,0.1,10,continuous,0.1,3602,3602,False,500,0.070126,0.4798,6,0.01
0.5,0.0,0,1.0,0.1,0.1,10,continuous,0.1,4602,4602,False,500,0.074346,0.5082,5,0.01
0.5,0.0,0,1.0,0.1,0.1,10,continuous,0.2,10,10,False,500,0.085619,0.5062,4,0.01
0.5,0.0,0,1.0,0.1,0.1,10,continuous,0.2,1010,1010,False,500,0.065915,0.5533,4,0.01
0.5,0.0,0,1.0,0.1,0.1,10,continuous,0.2,2010,2010,False,500,0.088928,0.458,7,0.01
0.5,0.0,0,1.0,0.1,0.1,10,continuous,0.2,3010,3010,False,500,0.075733,0.4869,5,0.01
0.5,0.0,0,1.0,0.1,0.1,10,continuous,0.2,4010,4010,False,500,0.104708,0.5176,3,0.01
0.5,0.0,0,1.0,0.1,0.1,10,binary,0.0,662,662,False,500,0.2475,0.45,2,0.01
0.5,0.0,0,1.0,0.1,0.1,10,binary,0.0,1662,1662,False,500,0.2356,0.62,2,0.01
0.5,0.0,0,1.0,0.1,0.1,10,binary,0.0,2662,2662,False,500,0.2496,0.52,2,0.01
0.5,0.0,0,1.0,0.1,0.1,10,binary,0.0,3662,3662,False,500,0.25,0.5,2,0.01
0.5,0.0,0,1.0,0.1,0.1,10,binary,0.0,4662,4662,False,500,0.2464,0.44,2,0.01
0.5,0.0,0,1.0,0.1,0.1,10,binary,0.1,848,848,False,500,0.2436,0.58,2,0.01
0.5,0.0,0,1.0,0.1,0.1,10,binary,0.1,1848,1848,False,500,0.2496,0.52,2,0.01
0.5,0.0,0,1.0,0.1,0.1,10,binary,0.1,2848,2848,False,500,0.2499,0.49,2,0.01
0.5,0.0,0,1.0,0.1,0.1,10,binary,0.1,3848,3848,False,500,0.2464,0.56,2,0.01
0.5,0.0,0,1.0,0.1,0.1,10,binary,0.1,4848,4848,False,500,0.2484,0.46,2,0.01
0.5,0.0,0,1.0,0.1,0.1,10,binary,0.2,965,965,False,500,0.2491,0.53,2,0.01
0.5,0.0,0,1.0,0.1,0.1,10,binary,0.2,1965,1965,False,500,0.2451,0.43,2,0.01
0.5,0.0,0,1.0,0.1,0.1,10,binary,0.2,2965,2965,False,500,0.25,0.5,2,0.01
0.5,0.0,0,1.0,0.1,0.1,10,binary,0.2,3965,3965,False,500,0.2436,0.42,2,0.01
0.5,0.0,0,1.0,0.1,0.1,10,binary,0.2,4965,4965,False,500,0.2484,0.46,2,0.01
0.5,0.0,0,1.0,0.1,0.1,10,ternary,0.0,269,269,False,500,0.116275,0.535,3,0.01
0.5,0.0,0,1.0,0.1,0.1,10,ternary,0.0,1269,1269,False,500,0.121875,0.575,3,0.01
0.5,0.0,0,1.0,0.1,0.1,10,ternary,0.0,2269,2269,False,500,0.1484,0.46,3,0.01
0.5,0.0,0,1.0,0.1,0.1,10,ternary,0.0,3269,3269,False,500,0.1275,0.55,3,0.01
0.5,0.0,0,1.0,0.1,0.1,10,ternary,0.0,4269,4269,False,500,0.117475,0.505,3,0.01
0.5,0.0,0,1.0,0.1,0.1,10,ternary,0.1,274,274,False,500,0.1064,0.44,3,0.01
0.5,0.0,0,1.0,0.1,0.1,10,ternary,0.1,1274,1274,False,500,0.117475,0.505,3,0.01
0.5,0.0,0,1.0,0.1,0.1,10,ternary,0.1,2274,2274,False,500,0.1299,0.49,3,0.01
0.5,0.0,0,1.0,0.1,0.1,10,ternary,0.1,3274,3274,False,500,0.1441,0.53,3,0.01
0.5,0.0,0,1.0,0.1,0.1,10,ternary,0.1,4274,4274,False,500,0.1346,0.48,3,0.01
0.5,0.0,0,1.0,0.1,0.1,10,ternary,0.2,320,320,False,500,0.116875,0.525,3,0.01
0.5,0.0,0,1.0,0.1,0.1,10,ternary,0.2,1320,1320,False,500,0.125,0.5,3,0.01
0.5,0.0,0,1.0,0.1,0.1,10,ternary,0.2,2320,2320,False,500,0.1184,0.46,3,0.01
0.5,0.0,0,1.0,0.1,0.1,10,ternary,0.2,3320,3320,False,500,0.1034,0.46,3,0.01
0.5,0.0,0,1.0,0.1,0.1,10,ternary,0.2,4320,4320,False,500,0.1246,0.52,3,0.01
0.5,0.0,0,1.0,0.1,0.3,10,continuous,0.0,198,198,False,500,0.09363,0.4952,7,0.01
0.5,0.0,0,1.0,0.1,0.3,10,continuous,0.0,1198,1198,False,500,0.083706,0.4953,5,0.01
0.5,0.0,0,1.0,0.1,0.3,10,continuous,0.0,2198,2198,False,500,0.078676,0.5003,7,0.01
0.5,0.0,0,1.0,0.1,0.3,10,continuous,0.0,3198,3198,False,500,0.06481,0.5191,6,0.01
0.5,0.0,0,1.0,0.1,0.3,10,continuous,0.0,4198,4198,False,500,0.079943,0.5187,6,0.01
0.5,0.0,0,1.0,0.1,0.3,10,continuous,0.1,387,387,False,500,0.080152,0.5213,3,0.01
0.5,0.0,0,1.0,0.1,0.3,10,continuous,0.1,1387,1387,False,500,0.080249,0.4736,5,0.01
0.5,0.0,0,1.0,0.1,0.3,10,continuous,0.1,2387,2387,False,500,0.073639,0.5274,6,0.01
0.5,0.0,0,1.0,0.1,0.3,10,continuous,0.1,3387,3387,False,500,0.075405,0.4648,4,0.01
0.5,0.0,0,1.0,0.1,0.3,10,continuous,0.1,4387,4387,False,500,0.085078,0.5302,7,0.01
0.5,0.0,0,1.0,0.1,0.3,10,continuous,0.2,108,108,False,500,0.099745,0.4965,3,0.01
0.5,0.0,0,1.0,0.1,0.3,10,continuous,0.2,1108,1108,False,500,0.078699,0.4659,6,0.01
0.5,0.0,0,1.0,0.1,0.3,10,continuous,0.2,2108,2108,False,500,0.087345,0.4823,2,0.01
0.5,0.0,0,1.0,0.1,0.3,10,continuous,0.2,3108,3108,False,500,0.085406,0.4722,5,0.01
0.5,0.0,0,1.0,0.1,0.3,10,continuous,0.2,4108,4108,False,500,0.08218,0.5403,5,0.01
0.5,0.0,0,1.0,0.1,0.3,10,binary,0.0,553,553,False,500,0.2464,0.44,2,0.01
0.5,0.0,0,1.0,0.1,0.3,10,binary,0.0,1553,1553,False,500,0.2496,0.48,2,0.01
0.5,0.0,0,1.0,0.1,0.3,10,binary,0.0,2553,2553,False,500,0.2499,0.49,2,0.01
0.5,0.0,0,1.0,0.1,0.3,10,binary,0.0,3553,3553,False,500,0.2451,0.43,2,0.01
0.5,0.0,0,1.0,0.1,0.3,10,binary,0.0,4553,4553,False,500,0.2436,0.58,2,0.01
0.5,0.0,0,1.0,0.1,0.3,10,binary,0.1,45,45,False,500,0.2379,0.61,2,0.01
0.5,0.0,0,1.0,0.1,0.3,10,binary,0.1,1045,1045,False,500,0.2419,0.41,2,0.01
0.5,0.0,0,1.0,0.1,0.3,10,binary,0.1,2045,2045,False,500,0.2475,0.45,2,0.01
0.5,0.0,0,1.0,0.1,0.3,10,binary,0.1,3045,3045,False,500,0.2496,0.52,2,0.01
0.5,0.0,0,1.0,0.1,0.3,10,binary,0.1,4045,4045,False,500,0.2491,0.47,2,0.01
0.5,0.0,0,1.0,0.1,0.3,10,binary,0.2,893,893,False,500,0.2496,0.48,2,0.01
0.5,0.0,0,1.0,0.1,0.3,10,binary,0.2,1893,1893,False,500,0.2499,0.49,2,0.01
0.5,0.0,0,1.0,0.1,0.3,10,binary,0.2,2893,2893,False,500,0.2484,0.54,2,0.01
0.5,0.0,0,1.0,0.1,0.3,10,binary,0.2,3893,3893,False,500,0.2484,0.46,2,0.01
0.5,0.0,0,1.0,0.1,0.3,10,binary,0.2,4893,4893,False,500,0.2436,0.58,2,0.01
0.5,0.0,0,1.0,0.1,0.3,10,ternary,0.0,737,737,False,500,0.132275,0.515,3,0.01
0.5,0.0,0,1.0,0.1,0.3,10,ternary,0.0,1737,1737,False,500,0.125,0.5,3,0.01
0.5,0.0,0,1.0,0.1,0.3,10,ternary,0.0,2737,2737,False,500,0.1391,0.47,3,0.01
0.5,0.0,0,1.0,0.1,0.3,10,ternary,0.0,3737,3737,False,500,0.115,0.5,3,0.01
0.5,0.0,0,1.0,0.1,0.3,10,ternary,0.0,4737,4737,False,500,0.141275,0.535,3,0.01
0.5,0.0,0,1.0,0.1,0.3,10,ternary,0.1,2,2,False,500,0.1484,0.46,3,0.01
0.5,0.0,0,1.0,0.1,0.3,10,ternary,0.1,1002,1002,False,500,0.1149,0.49,3,0.01
0.5,0.0,0,1.0,0.1,0.3,10,ternary,0.1,2002,2002,False,500,0.1284,0.46,3,0.01
0.5,0.0,0,1.0,0.1,0.3,10,ternary,0.1,3002,3002,False,500,0.1114,0.56,3,0.01
0.5,0.0,0,1.0,0.1,0.3,10,ternary,0.1,4002,4002,False,500,0.131275,0.535,3,0.01
0.5,0.0,0,1.0,0.1,0.3,10,ternary,0.2,312,312,False,500,0.091275,0.535,3,0.01
0.5,0.0,0,1.0,0.1,0.3,10,ternary,0.2,1312,1312,False,500,0.121275,0.535,3,0.01
0.5,0.0,0,1.0,0.1,0.3,10,ternary,0.2,2312,2312,False,500,0.1146,0.48,3,0.01
0.5,0.0,0,1.0,0.1,0.3,10,ternary,0.2,3312,3312,False,500,0.121875,0.525,3,0.01
0.5,0.0,0,1.0,0.1,0.3,10,ternary,0.2,4312,4312,False,500,0.126275,0.535,3,0.01
0.5,0.0,0,1.0,0.1,0.5,10,continuous,0.0,974,974,False,500,0.086115,0.5538,7,0.01
0.5,0.0,0,1.0,0.1,0.5,10,continuous,0.0,1974,1974,False,500,0.075364,0.4985,6,0.01
0.5,0.0,0,1.0,0.1,0.5,10,continuous,0.0,2974,2974,False,500,0.087945,0.4458,5,0.01
0.5,0.0,0,1.0,0.1,0.5,10,continuous,0.0,3974,3974,False,500,0.07894,0.4536,6,0.01
0.5,0.0,0,1.0,0.1,0.5,10,continuous,0.0,4974,4974,False,500,0.082533,0.522,9,0.01
0.5,0.0,0,1.0,0.1,0.5,10,continuous,0.1,281,281,False,500,0.062393,0.4368,8,0.01
0.5,0.0,0,1.0,0.1,0.5,10,continuous,0.1,1281,1281,False,500,0.071855,0.4839,7,0.01
0.5,0.0,0,1.0,0.1,0.5,10,continuous,0.1,2281,2281,False,500,0.079245,0.537,6,0.01
0.5,0.0,0,1.0,0.1,0.5,10,continuous,0.1,3281,3281,False,500,0.080472,0.5286,6,0.01
0.5,0.0,0,1.0,0.1,0.5,10,continuous,0.1,4281,4281,False,500,0.080296,0.4524,7,0.01
0.5,0.0,0,1.0,0.1,0.5,10,continuous,0.2,25,25,False,500,0.099631,0.5017,6,0.01
0.5,0.0,0,1.0,0.1,0.5,10,continuous,0.2,1025,1025,False,500,0.091014,0.5361,6,0.01
0.5,0.0,0,1.0,0.1,0.5,10,continuous,0.2,2025,2025,False,500,0.086156,0.5183,8,0.01
0.5,0.0,0,1.0,0.1,0.5,10,continuous,0.2,3025,3025,False,500,0.077304,0.5464,7,0.01
0.5,0.0,0,1.0,0.1,0.5,10,continuous,0.2,4025,4025,False,500,0.075254,0.4899,5,0.01
0.5,0.0,0,1.0,0.1,0.5,10,binary,0.0,923,923,False,500,0.2139,0.69,2,0.01
0.5,0.0,0,1.0,0.1,0.5,10,binary,0.0,1923,1923,False,500,0.2499,0.49,2,0.01
0.5,0.0,0,1.0,0.1,0.5,10,binary,0.0,2923,2923,False,500,0.2436,0.58,2,0.01
0.5,0.0,0,1.0,0.1,0.5,10,binary,0.0,3923,3923,False,500,0.2419,0.59,2,0.01
0.5,0.0,0,1.0,0.1,0.5,10,binary,0.0,4923,4923,False,500,0.2436,0.58,2,0.01
0.5,0.0,0,1.0,0.1,0.5,10,binary,0.1,528,528,False,500,0.2496,0.48,2,0.01
0.5,0.0,0,1.0,0.1,0.5,10,binary,0.1,1528,1528,False,500,0.2499,0.49,2,0.01
0.5,0.0,0,1.0,0.1,0.5,10,binary,0.1,2528,2528,False,500,0.2491,0.53,2,0.01
0.5,0.0,0,1.0,0.1,0.5,10,binary,0.1,3528,3528,False,500,0.2499,0.49,2,0.01
0.5,0.0,0,1.0,0.1,0.5,10,binary,0.1,4528,4528,False,500,0.2484,0.54,2,0.01
0.5,0.0,0,1.0,0.1,0.5,10,binary,0.2,672,672,False,500,0.2484,0.46,2,0.01
0.5,0.0,0,1.0,0.1,0.5,10,binary,0.2,1672,1672,False,500,0.2464,0.44,2,0.01
0.5,0.0,0,1.0,0.1,0.5,10,binary,0.2,2672,2672,False,500,0.24,0.6,2,0.01
0.5,0.0,0,1.0,0.1,0.5,10,binary,0.2,3672,3672,False,500,0.2491,0.53,2,0.01
0.5,0.0,0,1.0,0.1,0.5,10,binary,0.2,4672,4672,False,500,0.2484,0.54,2,0.01
0.5,0.0,0,1.0,0.1,0.5,10,ternary,0.0,622,622,False,500,0.1191,0.53,3,0.01
0.5,0.0,0,1.0,0.1,0.5,10,ternary,0.0,1622,1622,False,500,0.125,0.5,3,0.01
0.5,0.0,0,1.0,0.1,0.5,10,ternary,0.0,2622,2622,False,500,0.126875,0.525,3,0.01
0.5,0.0,0,1.0,0.1,0.5,10,ternary,0.0,3622,3622,False,500,0.1199,0.49,3,0.01
0.5,0.0,0,1.0,0.1,0.5,10,ternary,0.0,4622,4622,False,500,0.131275,0.465,3,0.01
0.5,0.0,0,1.0,0.1,0.5,10,ternary,0.1,111,111,False,500,0.127475,0.505,3,0.01
0.5,0.0,0,1.0,0.1,0.5,10,ternary,0.1,1111,1111,False,500,0.108275,0.435,3,0.01
0.5,0.0,0,1.0,0.1,0.5,10,ternary,0.1,2111,2111,False,500,0.1246,0.52,3,0.01
0.5,0.0,0,1.0,0.1,0.5,10,ternary,0.1,3111,3111,False,500,0.11,0.5,3,0.01
0.5,0.0,0,1.0,0.1,0.5,10,ternary,0.1,4111,4111,False,500,0.1286,0.58,3,0.01
0.5,0.0,0,1.0,0.1,0.5,10,ternary,0.2,285,285,False,500,0.121875,0.475,3,0.01
0.5,0.0,0,1.0,0.1,0.5,10,ternary,0.2,1285,1285,False,500,0.1191,0.47,3,0.01
0.5,0.0,0,1.0,0.1,0.5,10,ternary,0.2,2285,2285,False,500,0.1349,0.51,3,0.01
0.5,0.0,0,1.0,0.1,0.5,10,ternary,0.2,3285,3285,False,500,0.132275,0.485,3,0.01
0.5,0.0,0,1.0,0.1,0.5,10,ternary,0.2,4285,4285,False,500,0.1246,0.52,3,0.01
0.5,0.0,0,1.0,0.2,0.1,10,continuous,0.0,103,103,False,500,0.02813,0.5343,4,0.01
0.5,0.0,0,1.0,0.2,0.1,10,continuous,0.0,1103,1103,False,500,0.050177,0.4814,4,0.01
0.5,0.0,0,1.0,0.2,0.1,10,continuous,0.0,2103,2103,False,500,0.061989,0.5228,5,0.01
0.5,0.0,0,1.0,0.2,0.1,10,continuous,0.0,3103,3103,False,500,0.0517,0.4973,3,0.01
0.5,0.0,0,1.0,0.2,0.1,10,continuous,0.0,4103,4103,False,500,0.046397,0.4646,4,0.01
0.5,0.0,0,1.0,0.2,0.1,10,continuous,0.1,459,459,False,500,0.056195,0.529,4,0.01
0.5,0.0,0,1.0,0.2,0.1,10,continuous,0.1,1459,1459,False,500,0.044396,0.4275,4,0.01
0.5,0.0,0,1.0,0.2,0.1,10,continuous,0.1,2459,2459,False,500,0.055493,0.5249,6,0.01
0.5,0.0,0,1.0,0.2,0.1,10,continuous,0.1,3459,3459,False,500,0.044988,0.3857,4,0.01
0.5,0.0,0,1.0,0.2,0.1,10,continuous,0.1,4459,4459,False,500,0.073301,0.4344,4,0.01
0.5,0.0,0,1.0,0.2,0.1,10,continuous,0.2,994,994,False,500,0.067752,0.4468,3,0.01
0.5,0.0,0,1.0,0.2,0.1,10,continuous,0.2,1994,1994,False,500,0.05927,0.5088,5,0.01
0.5,0.0,0,1.0,0.2,0.1,10,continuous,0.2,2994,2994,False,500,0.077761,0.4879,4,0.01
0.5,0.0,0,1.0,0.2,0.1,10,continuous,0.2,3994,3994,False,500,0.060169,0.4182,5,0.01
0.5,0.0,0,1.0,0.2,0.1,10,continuous,0.2,4994,4994,False,500,0.050817,0.4783,4,0.01
0.5,0.0,0,1.0,0.2,0.1,10,binary,0.0,199,199,False,500,0.2491,0.47,2,0.01
0.5,0.0,0,1.0,0.2,0.1,10,binary,0.0,1199,1199,False,500,0.2379,0.39,2,0.01
0.5,0.0,0,1.0,0.2,0.1,10,binary,0.0,2199,2199,False,500,0.2499,0.51,2,0.01
0.5,0.0,0,1.0,0.2,0.1,10,binary,0.0,3199,3199,False,500,0.2436,0.42,2,0.01
0.5,0.0,0,1.0,0.2,0.1,10,binary,0.0,4199,4199,False,500,0.2499,0.51,2,0.01
0.5,0.0,0,1.0,0.2,0.1,10,binary,0.1,902,902,False,500,0.2496,0.48,2,0.01
0.5,0.0,0,1.0,0.2,0.1,10,binary,0.1,1902,1902,False,500,0.2499,0.51,2,0.01
0.5,0.0,0,1.0,0.2,0.1,10,binary,0.1,2902,2902,False,500,0.2464,0.44,2,0.01
0.5,0.0,0,1.0,0.2,0.1,10,binary,0.1,3902,3902,False,500,0.2496,0.48,2,0.01
0.5,0.0,0,1.0,0.2,0.1,10,binary,0.1,4902,4902,False,500,0.2484,0.46,2,0.01
0.5,0.0,0,1.0,0.2,0.1,10,binary,0.2,629,629,False,500,0.2475,0.55,2,0.01
0.5,0.0,0,1.0,0.2,0.1,10,binary,0.2,1629,1629,False,500,0.25,0.5,2,0.01
0.5,0.0,0,1.0,0.2,0.1,10,binary,0.2,2629,2629,False,500,0.2499,0.49,2,0.01
0.5,0.0,0,1.0,0.2,0.1,10,binary,0.2,3629,3629,False,500,0.2419,0.59,2,0.01
0.5,0.0,0,1.0,0.2,0.1,10,binary,0.2,4629,4629,False,500,0.2499,0.51,2,0.01
0.5,0.0,0,1.0,0.2,0.1,10,ternary,0.0,472,472,False,500,0.1199,0.49,3,0.01
0.5,0.0,0,1.0,0.2,0.1,10,ternary,0.0,1472,1472,False,500,0.130475,0.545,3,0.01
0.5,0.0,0,1.0,0.2,0.1,10,ternary,0.0,2472,2472,False,500,0.1231,0.37,3,0.01
0.5,0.0,0,1.0,0.2,0.1,10,ternary,0.0,3472,3472,False,500,0.1149,0.49,3,0.01
0.5,0.0,0,1.0,0.2,0.1,10,ternary,0.0,4472,4472,False,500,0.125475,0.545,3,0.01
0.5,0.0,0,1.0,0.2,0.1,10,ternary,0.1,127,127,False,500,0.126875,0.425,3,0.01
0.5,0.0,0,1.0,0.2,0.1,10,ternary,0.1,1127,1127,False,500,0.111875,0.525,3,0.01
0.5,0.0,0,1.0,0.2,0.1,10,ternary,0.1,2127,2127,False,500,0.1201,0.43,3,0.01
0.5,0.0,0,1.0,0.2,0.1,10,ternary,0.1,3127,3127,False,500,0.117475,0.505,3,0.01
0.5,0.0,0,1.0,0.2,0.1,10,ternary,0.1,4127,4127,False,500,0.125475,0.455,3,0.01
0.5,0.0,0,1.0,0.2,0.1,10,ternary,0.2,589,589,False,500,0.1214,0.56,3,0.01
0.5,0.0,0,1.0,0.2,0.1,10,ternary,0.2,1589,1589,False,500,0.1349,0.49,3,0.01
0.5,0.0,0,1.0,0.2,0.1,10,ternary,0.2,2589,2589,False,500,0.131875,0.575,3,0.01
0.5,0.0,0,1.0,0.2,0.1,10,ternary,0.2,3589,3589,False,500,0.12,0.5,3,0.01
0.5,0.0,0,1.0,0.2,0.1,10,ternary,0.2,4589,4589,False,500,0.116875,0.525,3,0.01
0.5,0.0,0,1.0,0.2,0.3,10,continuous,0.0,163,163,False,500,0.064666,0.5022,5,0.01
0.5,0.0,0,1.0,0.2,0.3,10,continuous,0.0,1163,1163,False,500,0.052553,0.5186,4,0.01
0.5,0.0,0,1.0,0.2,0.3,10,continuous,0.0,2163,2163,False,500,0.037902,0.5073,5,0.01
0.5,0.0,0,1.0,0.2,0.3,10,continuous,0.0,3163,3163,False,500,0.051698,0.5197,4,0.01
0.5,0.0,0,1.0,0.2,0.3,10,continuous,0.0,4163,4163,False,500,0.051157,0.5312,2,nan
0.5,0.0,0,1.0,0.2,0.3,10,continuous,0.1,338,338,False,500,0.052976,0.5031,4,0.01
0.5,0.0,0,1.0,0.2,0.3,10,continuous,0.1,1338,1338,False,500,0.057542,0.5101,6,0.01
0.5,0.0,0,1.0,0.2,0.3,10,continuous,0.1,2338,2338,False,500,0.042277,0.4397,5,0.01
0.5,0.0,0,1.0,0.2,0.3,10,continuous,0.1,3338,3338,False,500,0.075193,0.614,5,0.01
0.5,0.0,0,1.0,0.2,0.3,10,continuous,0.1,4338,4338,False,500,0.136159,0.4233,3,0.01
0.5,0.0,0,1.0,0.2,0.3,10,continuous,0.2,290,290,False,500,0.032001,0.5169,6,0.01
0.5,0.0,0,1.0,0.2,0.3,10,continuous,0.2,1290,1290,False,500,0.078477,0.4516,4,0.01
0.5,0.0,0,1.0,0.2,0.3,10,continuous,0.2,2290,2290,False,500,0.060064,0.6097,5,0.01
0.5,0.0,0,1.0,0.2,0.3,10,continuous,0.2,3290,3290,False,500,0.046806,0.4599,5,0.01
0.5,0.0,0,1.0,0.2,0.3,10,continuous,0.2,4290,4290,False,500,0.038395,0.5814,3,0.01
0.5,0.0,0,1.0,0.2,0.3,10,binary,0.0,125,125,False,500,0.2475,0.45,2,0.01
0.5,0.0,0,1.0,0.2,0.3,10,binary,0.0,1125,1125,False,500,0.2499,0.49,2,0.01
0.5,0.0,0,1.0,0.2,0.3,10,binary,0.0,2125,2125,False,500,0.2496,0.52,2,0.01
0.5,0.0,0,1.0,0.2,0.3,10,binary,0.0,3125,3125,False,500,0.2484,0.54,2,0.01
0.5,0.0,0,1.0,0.2,0.3,10,binary,0.0,4125,4125,False,500,0.25,0.5,2,0.01
0.5,0.0,0,1.0,0.2,0.3,10,binary,0.1,141,141,False,500,0.25,0.5,2,0.01
0.5,0.0,0,1.0,0.2,0.3,10,binary,0.1,1141,1141,False,500,0.2499,0.49,2,0.01
0.5,0.0,0,1.0,0.2,0.3,10,binary,0.1,2141,2141,False,500,0.2499,0.49,2,0.01
0.5,0.0,0,1.0,0.2,0.3,10,binary,0.1,3141,3141,False,500,0.24,0.4,2,0.01
0.5,0.0,0,1.0,0.2,0.3,10,binary,0.1,4141,4141,False,500,0.2464,0.44,2,0.01
0.5,0.0,0,1.0,0.2,0.3,10,binary,0.2,787,787,False,500,0.2491,0.53,2,0.01
0.5,0.0,0,1.0,0.2,0.3,10,binary,0.2,1787,1787,False,500,0.2496,0.48,2,0.01
0.5,0.0,0,1.0,0.2,0.3,10,binary,0.2,2787,2787,False,500,0.2451,0.43,2,0.01
0.5,0.0,0,1.0,0.2,0.3,10,binary,0.2,3787,3787,False,500,0.2475,0.45,2,0.01
0.5,0.0,0,1.0,0.2,0.3,10,binary,0.2,4787,4787,False,500,0.2499,0.49,2,0.01
0.5,0.0,0,1.0,0.2,0.3,10,ternary,0.0,877,877,False,500,0.1091,0.53,3,0.01
0.5,0.0,0,1.0,0.2,0.3,10,ternary,0.0,1877,1877,False,500,0.134475,0.555,3,0.01
0.5,0.0,0,1.0,0.2,0.3,10,ternary,0.0,2877,2877,False,500,0.131875,0.475,3,0.01
0.5,0.0,0,1.0,0.2,0.3,10,ternary,0.0,3877,3877,False,500,0.130475,0.545,3,0.01
0.5,0.0,0,1.0,0.2,0.3,10,ternary,0.0,4877,4877,False,500,0.122275,0.485,3,0.01
0.5,0.0,0,1.0,0.2,0.3,10,ternary,0.1,866,866,False,500,0.116275,0.465,3,0.01
0.5,0.0,0,1.0,0.2,0.3,10,ternary,0.1,1866,1866,False,500,0.106275,0.535,3,0.01
0.5,0.0,0,1.0,0.2,0.3,10,ternary,0.1,2866,2866,False,500,0.146875,0.525,3,0.01
0.5,0.0,0,1.0,0.2,0.3,10,ternary,0.1,3866,3866,False,500,0.1025,0.45,3,0.01
0.5,0.0,0,1.0,0.2,0.3,10,ternary,0.1,4866,4866,False,500,0.116275,0.465,3,0.01
0.5,0.0,0,1.0,0.2,0.3,10,ternary,0.2,176,176,False,500,0.1241,0.47,3,0.01
0.5,0.0,0,1.0,0.2,0.3,10,ternary,0.2,1176,1176,False,500,0.1491,0.47,3,0.01
0.5,0.0,0,1.0,0.2,0.3,10,ternary,0.2,2176,2176,False,500,0.1391,0.47,3,0.01
0.5,0.0,0,1.0,0.2,0.3,10,ternary,0.2,3176,3176,False,500,0.1299,0.51,3,0.01
0.5,0.0,0,1.0,0.2,0.3,10,ternary,0.2,4176,4176,False,500,0.1249,0.49,3,0.01
0.5,0.0,0,1.0,0.2,0.5,10,continuous,0.0,740,740,False,500,0.051989,0.5207,3,0.01
0.5,0.0,0,1.0,0.2,0.5,10,continuous,0.0,1740,1740,False,500,0.055308,0.4926,3,0.01
0.5,0.0,0,1.0,0.2,0.5,10,continuous,0.0,2740,2740,False,500,0.069648,0.4962,4,0.01
0.5,0.0,0,1.0,0.2,0.5,10,continuous,0.0,3740,3740,False,500,0.023186,0.4877,5,0.01
0.5,0.0,0,1.0,0.2,0.5,10,continuous,0.0,4740,4740,False,500,0.063764,0.5096,3,0.01
0.5,0.0,0,1.0,0.2,0.5,10,continuous,0.1,152,152,False,500,0.076584,0.5244,6,0.01
0.5,0.0,0,1.0,0.2,0.5,10,continuous,0.1,1152,1152,False,500,0.085346,0.5686,5,0.01
0.5,0.0,0,1.0,0.2,0.5,10,continuous,0.1,2152,2152,False,500,0.05893,0.3792,4,0.01
0.5,0.0,0,1.0,0.2,0.5,10,continuous,0.1,3152,3152,False,500,0.014679,0.4398,6,0.01
0.5,0.0,0,1.0,0.2,0.5,10,continuous,0.1,4152,4152,False,500,0.048726,0.4933,5,0.01
0.5,0.0,0,1.0,0.2,0.5,10,continuous,0.2,405,405,False,500,0.135003,0.5226,6,0.01
0.5,0.0,0,1.0,0.2,0.5,10,continuous,0.2,1405,1405,False,500,0.059983,0.4683,4,0.01
0.5,0.0,0,1.0,0.2,0.5,10,continuous,0.2,2405,2405,False,500,0.098609,0.5253,4,0.01
0.5,0.0,0,1.0,0.2,0.5,10,continuous,0.2,3405,3405,False,500,0.048475,0.4629,2,0.01
0.5,0.0,0,1.0,0.2,0.5,10,continuous,0.2,4405,4405,False,500,0.054084,0.5001,6,0.01
0.5,0.0,0,1.0,0.2,0.5,10,binary,0.0,51,51,False,500,0.24,0.6,2,0.01
0.5,0.0,0,1.0,0.2,0.5,10,binary,0.0,1051,1051,False,500,0.2484,0.46,2,0.01
0.5,0.0,0,1.0,0.2,0.5,10,binary,0.0,2051,2051,False,500,0.2379,0.39,2,0.01
0.5,0.0,0,1.0,0.2,0.5,10,binary,0.0,3051,3051,False,500,0.2464,0.56,2,0.01
0.5,0.0,0,1.0,0.2,0.5,10,binary,0.0,4051,4051,False,500,0.2496,0.48,2,0.01
0.5,0.0,0,1.0,0.2,0.5,10,binary,0.1,652,652,False,500,0.2484,0.54,2,0.01
0.5,0.0,0,1.0,0.2,0.5,10,binary,0.1,1652,1652,False,500,0.2331,0.37,2,0.01
0.5,0.0,0,1.0,0.2,0.5,10,binary,0.1,2652,2652,False,500,0.2451,0.57,2,0.01
0.5,0.0,0,1.0,0.2,0.5,10,binary,0.1,3652,3652,False,500,0.2496,0.48,2,0.01
0.5,0.0,0,1.0,0.2,0.5,10,binary,0.1,4652,4652,False,500,0.2436,0.58,2,0.01
0.5,0.0,0,1.0,0.2,0.5,10,binary,0.2,769,769,False,500,0.24,0.4,2,0.01
0.5,0.0,0,1.0,0.2,0.5,10,binary,0.2,1769,1769,False,500,0.2419,0.41,2,0.01
0.5,0.0,0,1.0,0.2,0.5,10,binary,0.2,2769,2769,False,500,0.2484,0.54,2,0.01
0.5,0.0,0,1.0,0.2,0.5,10,binary,0.2,3769,3769,False,500,0.2491,0.47,2,0.01
0.5,0.0,0,1.0,0.2,0.5,10,binary,0.2,4769,4769,False,500,0.2475,0.45,2,0.01
0.5,0.0,0,1.0,0.2,0.5,10,ternary,0.0,214,214,False,500,0.145475,0.545,3,0.01
0.5,0.0,0,1.0,0.2,0.5,10,ternary,0.0,1214,1214,False,500,0.111275,0.535,3,0.01
0.5,0.0,0,1.0,0.2,0.5,10,ternary,0.0,2214,2214,False,500,0.1249,0.49,3,0.01
0.5,0.0,0,1.0,0.2,0.5,10,ternary,0.0,3214,3214,False,500,0.126875,0.525,3,0.01
0.5,0.0,0,1.0,0.2,0.5,10,ternary,0.0,4214,4214,False,500,0.1291,0.47,3,0.01
0.5,0.0,0,1.0,0.2,0.5,10,ternary,0.1,713,713,False,500,0.1241,0.47,3,0.01
0.5,0.0,0,1.0,0.2,0.5,10,ternary,0.1,1713,1713,False,500,0.137275,0.485,3,0.01
0.5,0.0,0,1.0,0.2,0.5,10,ternary,0.1,2713,2713,False,500,0.128275,0.435,3,0.01
0.5,0.0,0,1.0,0.2,0.5,10,ternary,0.1,3713,3713,False,500,0.1164,0.44,3,0.01
0.5,0.0,0,1.0,0.2,0.5,10,ternary,0.1,4713,4713,False,500,0.1251,0.43,3,0.01
0.5,0.0,0,1.0,0.2,0.5,10,ternary,0.2,855,855,False,500,0.1091,0.47,3,0.01
0.5,0.0,0,1.0,0.2,0.5,10,ternary,0.2,1855,1855,False,500,0.112475,0.505,3,0.01
0.5,0.0,0,1.0,0.2,0.5,10,ternary,0.2,2855,2855,False,500,0.1364,0.44,3,0.01
0.5,0.0,0,1.0,0.2,0.5,10,ternary,0.2,3855,3855,False,500,0.117275,0.485,3,0.01
0.5,0.0,0,1.0,0.2,0.5,10,ternary,0.2,4855,4855,False,500,0.1296,0.48,3,0.01
0.5,0.0,0,1.0,0.3,0.1,10,continuous,0.0,925,925,False,500,0.027154,0.4799,4,0.01
0.5,0.0,0,1.0,0.3,0.1,10,continuous,0.0,1925,1925,False,500,0.003894,0.4839,3,0.01
0.5,0.0,0,1.0,0.3,0.1,10,continuous,0.0,2925,2925,False,500,0.004133,0.5108,2,0.01
0.5,0.0,0,1.0,0.3,0.1,10,continuous,0.0,3925,3925,False,500,0.037974,0.4474,2,0.01
0.5,0.0,0,1.0,0.3,0.1,10,continuous,0.0,4925,4925,False,500,0.015771,0.5085,3,0.01
0.5,0.0,0,1.0,0.3,0.1,10,continuous,0.1,81,81,False,500,0.048819,0.3541,8,0.01
0.5,0.0,0,1.0,0.3,0.1,10,continuous,0.1,1081,1081,False,500,0.009135,0.5356,4,0.01
0.5,0.0,0,1.0,0.3,0.1,10,continuous,0.1,2081,2081,False,500,0.011756,0.4557,4,0.01
0.5,0.0,0,1.0,0.3,0.1,10,continuous,0.1,3081,3081,False,500,0.012274,0.3147,4,0.01
0.5,0.0,0,1.0,0.3,0.1,10,continuous,0.1,4081,4081,False,500,0.044451,0.3924,4,0.01
0.5,0.0,0,1.0,0.3,0.1,10,continuous,0.2,385,385,False,500,0.044144,0.5016,6,0.01
0.5,0.0,0,1.0,0.3,0.1,10,continuous,0.2,1385,1385,False,500,0.020662,0.4966,6,0.01
0.5,0.0,0,1.0,0.3,0.1,10,continuous,0.2,2385,2385,False,500,0.050053,0.5443,6,0.01
0.5,0.0,0,1.0,0.3,0.1,10,continuous,0.2,3385,3385,False,500,0.02779,0.3987,4,0.01
0.5,0.0,0,1.0,0.3,0.1,10,continuous,0.2,4385,4385,False,500,0.048749,0.3956,5,0.01
0.5,0.0,0,1.0,0.3,0.1,10,binary,0.0,911,911,False,500,0.2496,0.52,2,0.01
0.5,0.0,0,1.0,0.3,0.1,10,binary,0.0,1911,1911,False,500,0.2484,0.54,2,0.01
0.5,0.0,0,1.0,0.3,0.1,10,binary,0.0,2911,2911,False,500,0.2491,0.47,2,0.01
0.5,0.0,0,1.0,0.3,0.1,10,binary,0.0,3911,3911,False,500,0.2496,0.48,2,0.01
0.5,0.0,0,1.0,0.3,0.1,10,binary,0.0,4911,4911,False,500,0.2475,0.55,2,0.01
0.5,0.0,0,1.0,0.3,0.1,10,binary,0.1,10,10,False,500,0.2499,0.49,2,0.01
0.5,0.0,0,1.0,0.3,0.1,10,binary,0.1,1010,1010,False,500,0.2436,0.58,2,0.01
0.5,0.0,0,1.0,0.3,0.1,10,binary,0.1,2010,2010,False,500,0.2491,0.47,2,0.01
0.5,0.0,0,1.0,0.3,0.1,10,binary,0.1,3010,3010,False,500,0.2491,0.47,2,0.01
0.5,0.0,0,1.0,0.3,0.1,10,binary,0.1,4010,4010,False,500,0.2491,0.53,2,0.01
0.5,0.0,0,1.0,0.3,0.1,10,binary,0.2,123,123,False,500,0.2491,0.47,2,0.01
0.5,0.0,0,1.0,0.3,0.1,10,binary,0.2,1123,1123,False,500,0.2464,0.56,2,0.01
0.5,0.0,0,1.0,0.3,0.1,10,binary,0.2,2123,2123,False,500,0.2496,0.52,2,0.01
0.5,0.0,0,1.0,0.3,0.1,10,binary,0.2,3123,3123,False,500,0.25,0.5,2,0.01
0.5,0.0,0,1.0,0.3,0.1,10,binary,0.2,4123,4123,False,500,0.2475,0.45,2,0.01
0.5,0.0,0,1.0,0.3,0.1,10,ternary,0.0,669,669,False,500,0.142475,0.505,3,0.01
0.5,0.0,0,1.0,0.3,0.1,10,ternary,0.0,1669,1669,False,500,0.113275,0.435,3,0.01
0.5,0.0,0,1.0,0.3,0.1,10,ternary,0.0,2669,2669,False,500,0.1484,0.54,3,0.01
0.5,0.0,0,1.0,0.3,0.1,10,ternary,0.0,3669,3669,False,500,0.126875,0.525,3,0.01
0.5,0.0,0,1.0,0.3,0.1,10,ternary,0.0,4669,4669,False,500,0.131275,0.465,3,0.01
0.5,0.0,0,1.0,0.3,0.1,10,ternary,0.1,138,138,False,500,0.12,0.5,3,0.01
0.5,0.0,0,1.0,0.3,0.1,10,ternary,0.1,1138,1138,False,500,0.102275,0.485,3,0.01
0.5,0.0,0,1.0,0.3,0.1,10,ternary,0.1,2138,2138,False,500,0.121875,0.475,3,0.01
0.5,0.0,0,1.0,0.3,0.1,10,ternary,0.1,3138,3138,False,500,0.1114,0.44,3,0.01
0.5,0.0,0,1.0,0.3,0.1,10,ternary,0.1,4138,4138,False,500,0.1299,0.49,3,0.01
0.5,0.0,0,1.0,0.3,0.1,10,ternary,0.2,780,780,False,500,0.152275,0.485,3,0.01
0.5,0.0,0,1.0,0.3,0.1,10,ternary,0.2,1780,1780,False,500,0.0991,0.53,3,0.01
0.5,0.0,0,1.0,0.3,0.1,10,ternary,0.2,2780,2780,False,500,0.116875,0.475,3,0.01
0.5,0.0,0,1.0,0.3,0.1,10,ternary,0.2,3780,3780,False,500,0.142275,0.515,3,0.01
0.5,0.0,0,1.0,0.3,0.1,10,ternary,0.2,4780,4780,False,500,0.1241,0.53,3,0.01
0.5,0.0,0,1.0,0.3,0.3,10,continuous,0.0,312,312,False,500,0.003815,0.5322,3,0.01
0.5,0.0,0,1.0,0.3,0.3,10,continuous,0.0,1312,1312,False,500,0.001674,0.5266,2,0.01
0.5,0.0,0,1.0,0.3,0.3,10,continuous,0.0,2312,2312,False,500,0.018726,0.4957,3,0.01
0.5,0.0,0,1.0,0.3,0.3,10,continuous,0.0,3312,3312,True,72,0.000744,0.5003,2,nan
0.5,0.0,0,1.0,0.3,0.3,10,continuous,0.0,4312,4312,False,500,0.003031,0.5616,2,0.01
0.5,0.0,0,1.0,0.3,0.3,10,continuous,0.1,186,186,False,500,0.078556,0.5582,4,0.01
0.5,0.0,0,1.0,0.3,0.3,10,continuous,0.1,1186,1186,False,500,0.012624,0.5517,5,0.01
0.5,0.0,0,1.0,0.3,0.3,10,continuous,0.1,2186,2186,False,500,0.023412,0.4388,4,0.01
0.5,0.0,0,1.0,0.3,0.3,10,continuous,0.1,3186,3186,False,500,0.062578,0.6066,3,0.01
0.5,0.0,0,1.0,0.3,0.3,10,continuous,0.1,4186,4186,False,500,0.016204,0.4195,6,0.01
0.5,0.0,0,1.0,0.3,0.3,10,continuous,0.2,455,455,False,500,0.028578,0.5018,6,0.01
0.5,0.0,0,1.0,0.3,0.3,10,continuous,0.2,1455,1455,False,500,0.023535,0.2486,5,0.01
0.5,0.0,0,1.0,0.3,0.3,10,continuous,0.2,2455,2455,False,500,0.020004,0.5565,5,0.01
0.5,0.0,0,1.0,0.3,0.3,10,continuous,0.2,3455,3455,False,500,0.021079,0.6599,5,0.01
0.5,0.0,0,1.0,0.3,0.3,10,continuous,0.2,4455,4455,False,500,0.021673,0.5941,6,0.01
0.5,0.0,0,1.0,0.3,0.3,10,binary,0.0,10,10,False,500,0.2499,0.49,2,0.01
0.5,0.0,0,1.0,0.3,0.3,10,binary,0.0,1010,1010,False,500,0.2436,0.58,2,0.01
0.5,0.0,0,1.0,0.3,0.3,10,binary,0.0,2010,2010,False,500,0.2491,0.47,2,0.01
0.5,0.0,0,1.0,0.3,0.3,10,binary,0.0,3010,3010,False,500,0.2491,0.47,2,0.01
0.5,0.0,0,1.0,0.3,0.3,10,binary,0.0,4010,4010,False,500,0.2491,0.53,2,0.01
0.5,0.0,0,1.0,0.3,0.3,10,binary,0.1,607,607,False,500,0.25,0.5,2,0.01
0.5,0.0,0,1.0,0.3,0.3,10,binary,0.1,1607,1607,False,500,0.2499,0.49,2,0.01
0.5,0.0,0,1.0,0.3,0.3,10,binary,0.1,2607,2607,False,500,0.2451,0.57,2,0.01
0.5,0.0,0,1.0,0.3,0.3,10,binary,0.1,3607,3607,False,500,0.2436,0.42,2,0.01
0.5,0.0,0,1.0,0.3,0.3,10,binary,0.1,4607,4607,False,500,0.2499,0.51,2,0.01
0.5,0.0,0,1.0,0.3,0.3,10,binary,0.2,170,170,False,500,0.25,0.5,2,0.01
0.5,0.0,0,1.0,0.3,0.3,10,binary,0.2,1170,1170,False,500,0.2464,0.44,2,0.01
0.5,0.0,0,1.0,0.3,0.3,10,binary,0.2,2170,2170,False,500,0.2499,0.51,2,0.01
0.5,0.0,0,1.0,0.3,0.3,10,binary,0.2,3170,3170,False,500,0.2496,0.48,2,0.01
0.5,0.0,0,1.0,0.3,0.3,10,binary,0.2,4170,4170,False,500,0.2484,0.46,2,0.01
0.5,0.0,0,1.0,0.3,0.3,10,ternary,0.0,834,834,False,500,0.147475,0.505,3,0.01
0.5,0.0,0,1.0,0.3,0.3,10,ternary,0.0,1834,1834,False,500,0.1149,0.51,3,0.01
0.5,0.0,0,1.0,0.3,0.3,10,ternary,0.0,2834,2834,False,500,0.121875,0.475,3,0.01
0.5,0.0,0,1.0,0.3,0.3,10,ternary,0.0,3834,3834,False,500,0.1184,0.54,3,0.01
0.5,0.0,0,1.0,0.3,0.3,10,ternary,0.0,4834,4834,False,500,0.126875,0.525,3,0.01
0.5,0.0,0,1.0,0.3,0.3,10,ternary,0.1,34,34,False,500,0.113475,0.595,3,0.01
0.5,0.0,0,1.0,0.3,0.3,10,ternary,0.1,1034,1034,False,500,0.1591,0.53,3,0.01
0.5,0.0,0,1.0,0.3,0.3,10,ternary,0.1,2034,2034,False,500,0.115,0.5,3,0.01
0.5,0.0,0,1.0,0.3,0.3,10,ternary,0.1,3034,3034,False,500,0.1125,0.45,3,0.01
0.5,0.0,0,1.0,0.3,0.3,10,ternary,0.1,4034,4034,False,500,0.1291,0.53,3,0.01
0.5,0.0,0,1.0,0.3,0.3,10,ternary,0.2,527,527,False,500,0.1296,0.52,3,0.01
0.5,0.0,0,1.0,0.3,0.3,10,ternary,0.2,1527,1527,False,500,0.1301,0.57,3,0.01
0.5,0.0,0,1.0,0.3,0.3,10,ternary,0.2,2527,2527,False,500,0.102475,0.505,3,0.01
0.5,0.0,0,1.0,0.3,0.3,10,ternary,0.2,3527,3527,False,500,0.1441,0.53,3,0.01
0.5,0.0,0,1.0,0.3,0.3,10,ternary,0.2,4527,4527,False,500,0.112275,0.515,3,0.01
0.5,0.0,0,1.0,0.3,0.5,10,continuous,0.0,863,863,False,500,0.05076,0.5489,3,0.01
0.5,0.0,0,1.0,0.3,0.5,10,continuous,0.0,1863,1863,False,500,0.02022,0.4065,3,0.01
0.5,0.0,0,1.0,0.3,0.5,10,continuous,0.0,2863,2863,True,60,0.000763,0.5702,1,nan
0.5,0.0,0,1.0,0.3,0.5,10,continuous,0.0,3863,3863,False,500,0.003202,0.4813,2,0.01
0.5,0.0,0,1.0,0.3,0.5,10,continuous,0.0,4863,4863,False,500,0.002285,0.5373,2,0.01
0.5,0.0,0,1.0,0.3,0.5,10,continuous,0.1,488,488,False,500,0.044778,0.49,5,0.01
0.5,0.0,0,1.0,0.3,0.5,10,continuous,0.1,1488,1488,False,500,0.033245,0.2941,5,0.01
0.5,0.0,0,1.0,0.3,0.5,10,continuous,0.1,2488,2488,False,500,0.01249,0.2459,5,0.01
0.5,0.0,0,1.0,0.3,0.5,10,continuous,0.1,3488,3488,False,500,0.034672,0.4872,6,0.01
0.5,0.0,0,1.0,0.3,0.5,10,continuous,0.1,4488,4488,False,500,0.015528,0.4449,8,0.01
0.5,0.0,0,1.0,0.3,0.5,10,continuous,0.2,856,856,False,500,0.030406,0.6826,5,0.01
0.5,0.0,0,1.0,0.3,0.5,10,continuous,0.2,1856,1856,False,500,0.071667,0.4119,6,0.01
0.5,0.0,0,1.0,0.3,0.5,10,continuous,0.2,2856,2856,False,500,0.018203,0.5268,7,0.01
0.5,0.0,0,1.0,0.3,0.5,10,continuous,0.2,3856,3856,False,500,0.072779,0.4656,2,0.01
0.5,0.0,0,1.0,0.3,0.5,10,continuous,0.2,4856,4856,False,500,0.035702,0.6101,4,0.01
0.5,0.0,0,1.0,0.3,0.5,10,binary,0.0,824,824,False,500,0.2475,0.45,2,0.01
0.5,0.0,0,1.0,0.3,0.5,10,binary,0.0,1824,1824,False,500,0.2491,0.53,2,0.01
0.5,0.0,0,1.0,0.3,0.5,10,binary,0.0,2824,2824,False,500,0.2475,0.55,2,0.01
0.5,0.0,0,1.0,0.3,0.5,10,binary,0.0,3824,3824,False,500,0.2475,0.45,2,0.01
0.5,0.0,0,1.0,0.3,0.5,10,binary,0.0,4824,4824,False,500,0.2356,0.38,2,0.01
0.5,0.0,0,1.0,0.3,0.5,10,binary,0.1,346,346,False,500,0.2499,0.49,2,0.01
0.5,0.0,0,1.0,0.3,0.5,10,binary,0.1,1346,1346,False,500,0.2491,0.47,2,0.01
0.5,0.0,0,1.0,0.3,0.5,10,binary,0.1,2346,2346,False,500,0.2496,0.52,2,0.01
0.5,0.0,0,1.0,0.3,0.5,10,binary,0.1,3346,3346,False,500,0.2491,0.47,2,0.01
0.5,0.0,0,1.0,0.3,0.5,10,binary,0.1,4346,4346,False,500,0.2496,0.52,2,0.01
0.5,0.0,0,1.0,0.3,0.5,10,binary,0.2,754,754,False,500,0.2475,0.55,2,0.01
0.5,0.0,0,1.0,0.3,0.5,10,binary,0.2,1754,1754,False,500,0.2491,0.47,2,0.01
0.5,0.0,0,1.0,0.3,0.5,10,binary,0.2,2754,2754,False,500,0.2499,0.49,2,0.01
0.5,0.0,0,1.0,0.3,0.5,10,binary,0.2,3754,3754,False,500,0.2484,0.46,2,0.01
0.5,0.0,0,1.0,0.3,0.5,10,binary,0.2,4754,4754,False,500,0.2451,0.43,2,0.01
0.5,0.0,0,1.0,0.3,0.5,10,ternary,0.0,934,934,False,500,0.1149,0.51,3,0.01
0.5,0.0,0,1.0,0.3,0.5,10,ternary,0.0,1934,1934,False,500,0.119475,0.555,3,0.01
0.5,0.0,0,1.0,0.3,0.5,10,ternary,0.0,2934,2934,False,500,0.112275,0.515,3,0.01
0.5,0.0,0,1.0,0.3,0.5,10,ternary,0.0,3934,3934,False,500,0.122275,0.485,3,0.01
0.5,0.0,0,1.0,0.3,0.5,10,ternary,0.0,4934,4934,False,500,0.117475,0.495,3,0.01
0.5,0.0,0,1.0,0.3,0.5,10,ternary,0.1,660,660,False,500,0.119475,0.445,3,0.01
0.5,0.0,0,1.0,0.3,0.5,10,ternary,0.1,1660,1660,False,500,0.1225,0.55,3,0.01
0.5,0.0,0,1.0,0.3,0.5,10,ternary,0.1,2660,2660,False,500,0.1375,0.45,3,0.01
0.5,0.0,0,1.0,0.3,0.5,10,ternary,0.1,3660,3660,False,500,0.1334,0.46,3,0.01
0.5,0.0,0,1.0,0.3,0.5,10,ternary,0.1,4660,4660,False,500,0.1049,0.51,3,0.01
0.5,0.0,0,1.0,0.3,0.5,10,ternary,0.2,766,766,False,500,0.112275,0.515,3,0.01
0.5,0.0,0,1.0,0.3,0.5,10,ternary,0.2,1766,1766,False,500,0.1149,0.49,3,0.01
0.5,0.0,0,1.0,0.3,0.5,10,ternary,0.2,2766,2766,False,500,0.1175,0.55,3,0.01
0.5,0.0,0,1.0,0.3,0.5,10,ternary,0.2,3766,3766,False,500,0.115,0.5,3,0.01
0.5,0.0,0,1.0,0.3,0.5,10,ternary,0.2,4766,4766,False,500,0.104475,0.445,3,0.01
0.5,0.0,0,1.0,0.5,0.1,10,continuous,0.0,601,601,True,53,0.000966,0.4991,1,nan
0.5,0.0,0,1.0,0.5,0.1,10,continuous,0.0,1601,1601,True,50,0.000951,0.4765,1,nan
0.5,0.0,0,1.0,0.5,0.1,10,continuous,0.0,2601,2601,True,50,0.000984,0.4968,1,nan
0.5,0.0,0,1.0,0.5,0.1,10,continuous,0.0,3601,3601,True,70,0.000957,0.4492,1,nan
0.5,0.0,0,1.0,0.5,0.1,10,continuous,0.0,4601,4601,True,84,0.000978,0.4903,1,nan
0.5,0.0,0,1.0,0.5,0.1,10,continuous,0.1,123,123,False,500,0.01519,0.5337,6,0.01
0.5,0.0,0,1.0,0.5,0.1,10,continuous,0.1,1123,1123,False,500,0.007015,0.5383,3,0.01
0.5,0.0,0,1.0,0.5,0.1,10,continuous,0.1,2123,2123,False,500,0.006637,0.5732,4,0.01
0.5,0.0,0,1.0,0.5,0.1,10,continuous,0.1,3123,3123,False,500,0.005783,0.6837,5,0.01
0.5,0.0,0,1.0,0.5,0.1,10,continuous,0.1,4123,4123,False,500,0.008086,0.5503,4,0.01
0.5,0.0,0,1.0,0.5,0.1,10,continuous,0.2,845,845,False,500,0.026948,0.4447,5,0.01
0.5,0.0,0,1.0,0.5,0.1,10,continuous,0.2,1845,1845,False,500,0.030413,0.4844,5,0.01
0.5,0.0,0,1.0,0.5,0.1,10,continuous,0.2,2845,2845,False,500,0.013012,0.5682,4,0.01
0.5,0.0,0,1.0,0.5,0.1,10,continuous,0.2,3845,3845,False,500,0.032129,0.4964,4,0.01
0.5,0.0,0,1.0,0.5,0.1,10,continuous,0.2,4845,4845,False,500,0.022509,0.5705,4,0.01
0.5,0.0,0,1.0,0.5,0.1,10,binary,0.0,461,461,False,500,0.2496,0.48,2,0.01
0.5,0.0,0,1.0,0.5,0.1,10,binary,0.0,1461,1461,False,500,0.2491,0.47,2,0.01
0.5,0.0,0,1.0,0.5,0.1,10,binary,0.0,2461,2461,False,500,0.2496,0.52,2,0.01
0.5,0.0,0,1.0,0.5,0.1,10,binary,0.0,3461,3461,False,500,0.2484,0.54,2,0.01
0.5,0.0,0,1.0,0.5,0.1,10,binary,0.0,4461,4461,False,500,0.2436,0.42,2,0.01
0.5,0.0,0,1.0,0.5,0.1,10,binary,0.1,72,72,False,500,0.2464,0.56,2,0.01
0.5,0.0,0,1.0,0.5,0.1,10,binary,0.1,1072,1072,False,500,0.2464,0.56,2,0.01
0.5,0.0,0,1.0,0.5,0.1,10,binary,0.1,2072,2072,False,500,0.2419,0.41,2,0.01
0.5,0.0,0,1.0,0.5,0.1,10,binary,0.1,3072,3072,False,500,0.2491,0.47,2,0.01
0.5,0.0,0,1.0,0.5,0.1,10,binary,0.1,4072,4072,False,500,0.2499,0.51,2,0.01
0.5,0.0,0,1.0,0.5,0.1,10,binary,0.2,763,763,False,500,0.2491,0.53,2,0.01
0.5,0.0,0,1.0,0.5,0.1,10,binary,0.2,1763,1763,False,500,0.2496,0.52,2,0.01
0.5,0.0,0,1.0,0.5,0.1,10,binary,0.2,2763,2763,False,500,0.2496,0.48,2,0.01
0.5,0.0,0,1.0,0.5,0.1,10,binary,0.2,3763,3763,False,500,0.24,0.6,2,0.01
0.5,0.0,0,1.0,0.5,0.1,10,binary,0.2,4763,4763,False,500,0.2331,0.63,2,0.01
0.5,0.0,0,1.0,0.5,0.1,10,ternary,0.0,815,815,False,500,0.1196,0.48,3,0.01
0.5,0.0,0,1.0,0.5,0.1,10,ternary,0.0,1815,1815,False,500,0.1225,0.55,3,0.01
0.5,0.0,0,1.0,0.5,0.1,10,ternary,0.0,2815,2815,False,500,0.136275,0.465,3,0.01
0.5,0.0,0,1.0,0.5,0.1,10,ternary,0.0,3815,3815,False,500,0.132475,0.495,3,0.01
0.5,0.0,0,1.0,0.5,0.1,10,ternary,0.0,4815,4815,False,500,0.117475,0.495,3,0.01
0.5,0.0,0,1.0,0.5,0.1,10,ternary,0.1,5,5,False,500,0.113275,0.565,3,0.01
0.5,0.0,0,1.0,0.5,0.1,10,ternary,0.1,1005,1005,False,500,0.106875,0.525,3,0.01
0.5,0.0,0,1.0,0.5,0.1,10,ternary,0.1,2005,2005,False,500,0.132475,0.495,3,0.01
0.5,0.0,0,1.0,0.5,0.1,10,ternary,0.1,3005,3005,False,500,0.1169,0.41,3,0.01
0.5,0.0,0,1.0,0.5,0.1,10,ternary,0.1,4005,4005,False,500,0.1234,0.46,3,0.01
0.5,0.0,0,1.0,0.5,0.1,10,ternary,0.2,297,297,False,500,0.125,0.5,3,0.01
0.5,0.0,0,1.0,0.5,0.1,10,ternary,0.2,1297,1297,False,500,0.1386,0.42,3,0.01
0.5,0.0,0,1.0,0.5,0.1,10,ternary,0.2,2297,2297,False,500,0.122475,0.505,3,0.01
0.5,0.0,0,1.0,0.5,0.1,10,ternary,0.2,3297,3297,False,500,0.1184,0.46,3,0.01
0.5,0.0,0,1.0,0.5,0.1,10,ternary,0.2,4297,4297,False,500,0.1099,0.49,3,0.01
0.5,0.0,0,1.0,0.5,0.3,10,continuous,0.0,737,737,True,23,0.000856,0.4869,1,nan
0.5,0.0,0,1.0,0.5,0.3,10,continuous,0.0,1737,1737,True,23,0.000932,0.5257,1,nan
0.5,0.0,0,1.0,0.5,0.3,10,continuous,0.0,2737,2737,True,19,0.000952,0.4955,1,nan
0.5,0.0,0,1.0,0.5,0.3,10,continuous,0.0,3737,3737,True,22,0.000974,0.5133,1,nan
0.5,0.0,0,1.0,0.5,0.3,10,continuous,0.0,4737,4737,True,27,0.000981,0.5258,1,nan
0.5,0.0,0,1.0,0.5,0.3,10,continuous,0.1,119,119,False,500,0.012546,0.5422,5,0.01
0.5,0.0,0,1.0,0.5,0.3,10,continuous,0.1,1119,1119,False,500,0.014807,0.6141,4,0.01
0.5,0.0,0,1.0,0.5,0.3,10,continuous,0.1,2119,2119,False,500,0.0134,0.5133,6,0.01
0.5,0.0,0,1.0,0.5,0.3,10,continuous,0.1,3119,3119,False,500,0.014182,0.6375,4,0.01
0.5,0.0,0,1.0,0.5,0.3,10,continuous,0.1,4119,4119,False,500,0.006881,0.3635,4,0.01
0.5,0.0,0,1.0,0.5,0.3,10,continuous,0.2,835,835,False,500,0.021283,0.3697,6,0.01
0.5,0.0,0,1.0,0.5,0.3,10,continuous,0.2,1835,1835,False,500,0.020621,0.507,5,0.01
0.5,0.0,0,1.0,0.5,0.3,10,continuous,0.2,2835,2835,False,500,0.027694,0.5014,4,0.01
0.5,0.0,0,1.0,0.5,0.3,10,continuous,0.2,3835,3835,False,500,0.026781,0.6076,5,0.01
0.5,0.0,0,1.0,0.5,0.3,10,continuous,0.2,4835,4835,False,500,0.026136,0.5047,5,0.01
0.5,0.0,0,1.0,0.5,0.3,10,binary,0.0,997,997,False,500,0.2496,0.52,2,0.01
0.5,0.0,0,1.0,0.5,0.3,10,binary,0.0,1997,1997,False,500,0.2484,0.46,2,0.01
0.5,0.0,0,1.0,0.5,0.3,10,binary,0.0,2997,2997,False,500,0.25,0.5,2,0.01
0.5,0.0,0,1.0,0.5,0.3,10,binary,0.0,3997,3997,False,500,0.24,0.6,2,0.01
0.5,0.0,0,1.0,0.5,0.3,10,binary,0.0,4997,4997,False,500,0.2496,0.48,2,0.01
0.5,0.0,0,1.0,0.5,0.3,10,binary,0.1,453,453,False,500,0.2464,0.56,2,0.01
0.5,0.0,0,1.0,0.5,0.3,10,binary,0.1,1453,1453,False,500,0.2484,0.46,2,0.01
0.5,0.0,0,1.0,0.5,0.3,10,binary,0.1,2453,2453,False,500,0.2496,0.52,2,0.01
0.5,0.0,0,1.0,0.5,0.3,10,binary,0.1,3453,3453,False,500,0.2491,0.47,2,0.01
0.5,0.0,0,1.0,0.5,0.3,10,binary,0.1,4453,4453,False,500,0.2499,0.49,2,0.01
0.5,0.0,0,1.0,0.5,0.3,10,binary,0.2,793,793,False,500,0.2491,0.53,2,0.01
0.5,0.0,0,1.0,0.5,0.3,10,binary,0.2,1793,1793,False,500,0.2499,0.49,2,0.01
0.5,0.0,0,1.0,0.5,0.3,10,binary,0.2,2793,2793,False,500,0.2499,0.49,2,0.01
0.5,0.0,0,1.0,0.5,0.3,10,binary,0.2,3793,3793,False,500,0.2491,0.47,2,0.01
0.5,0.0,0,1.0,0.5,0.3,10,binary,0.2,4793,4793,False,500,0.2499,0.49,2,0.01
0.5,0.0,0,1.0,0.5,0.3,10,ternary,0.0,914,914,False,500,0.126275,0.465,3,0.01
0.5,0.0,0,1.0,0.5,0.3,10,ternary,0.0,1914,1914,False,500,0.127475,0.495,3,0.01
0.5,0.0,0,1.0,0.5,0.3,10,ternary,0.0,2914,2914,False,500,0.142475,0.495,3,0.01
0.5,0.0,0,1.0,0.5,0.3,10,ternary,0.0,3914,3914,False,500,0.1249,0.49,3,0.01
0.5,0.0,0,1.0,0.5,0.3,10,ternary,0.0,4914,4914,False,500,0.125475,0.455,3,0.01
0.5,0.0,0,1.0,0.5,0.3,10,ternary,0.1,866,866,False,500,0.116275,0.465,3,0.01
0.5,0.0,0,1.0,0.5,0.3,10,ternary,0.1,1866,1866,False,500,0.106275,0.535,3,0.01
0.5,0.0,0,1.0,0.5,0.3,10,ternary,0.1,2866,2866,False,500,0.146875,0.525,3,0.01
0.5,0.0,0,1.0,0.5,0.3,10,ternary,0.1,3866,3866,False,500,0.1025,0.45,3,0.01
0.5,0.0,0,1.0,0.5,0.3,10,ternary,0.1,4866,4866,False,500,0.116275,0.465,3,0.01
0.5,0.0,0,1.0,0.5,0.3,10,ternary,0.2,937,937,False,500,0.112475,0.495,3,0.01
0.5,0.0,0,1.0,0.5,0.3,10,ternary,0.2,1937,1937,False,500,0.1134,0.46,3,0.01
0.5,0.0,0,1.0,0.5,0.3,10,ternary,0.2,2937,2937,False,500,0.131275,0.465,3,0.01
0.5,0.0,0,1.0,0.5,0.3,10,ternary,0.2,3937,3937,False,500,0.1299,0.49,3,0.01
0.5,0.0,0,1.0,0.5,0.3,10,ternary,0.2,4937,4937,False,500,0.1349,0.49,3,0.01
0.5,0.0,0,1.0,0.5,0.5,10,continuous,0.0,620,620,True,13,0.000825,0.4762,1,nan
0.5,0.0,0,1.0,0.5,0.5,10,continuous,0.0,1620,1620,True,13,0.000925,0.5087,1,nan
0.5,0.0,0,1.0,0.5,0.5,10,continuous,0.0,2620,2620,True,15,0.000863,0.4878,1,nan
0.5,0.0,0,1.0,0.5,0.5,10,continuous,0.0,3620,3620,True,15,0.000937,0.5402,1,nan
0.5,0.0,0,1.0,0.5,0.5,10,continuous,0.0,4620,4620,True,21,0.000804,0.5006,1,nan
0.5,0.0,0,1.0,0.5,0.5,10,continuous,0.1,213,213,False,500,0.018411,0.3587,4,0.01
0.5,0.0,0,1.0,0.5,0.5,10,continuous,0.1,1213,1213,False,500,0.010303,0.6013,3,0.01
0.5,0.0,0,1.0,0.5,0.5,10,continuous,0.1,2213,2213,False,500,0.017807,0.5606,5,0.01
0.5,0.0,0,1.0,0.5,0.5,10,continuous,0.1,3213,3213,False,500,0.018141,0.6544,3,0.01
0.5,0.0,0,1.0,0.5,0.5,10,continuous,0.1,4213,4213,False,500,0.014331,0.3695,3,0.01
0.5,0.0,0,1.0,0.5,0.5,10,continuous,0.2,710,710,False,500,0.017443,0.3078,2,0.01
0.5,0.0,0,1.0,0.5,0.5,10,continuous,0.2,1710,1710,False,500,0.045349,0.6158,4,0.01
0.5,0.0,0,1.0,0.5,0.5,10,continuous,0.2,2710,2710,False,500,0.02657,0.5825,5,0.01
0.5,0.0,0,1.0,0.5,0.5,10,continuous,0.2,3710,3710,False,500,0.033545,0.498,5,0.01
0.5,0.0,0,1.0,0.5,0.5,10,continuous,0.2,4710,4710,False,500,0.02828,0.5291,5,0.01
0.5,0.0,0,1.0,0.5,0.5,10,binary,0.0,497,497,False,500,0.2496,0.52,2,0.01
0.5,0.0,0,1.0,0.5,0.5,10,binary,0.0,1497,1497,False,500,0.2484,0.54,2,0.01
0.5,0.0,0,1.0,0.5,0.5,10,binary,0.0,2497,2497,False,500,0.2436,0.58,2,0.01
0.5,0.0,0,1.0,0.5,0.5,10,binary,0.0,3497,3497,False,500,0.2464,0.44,2,0.01
0.5,0.0,0,1.0,0.5,0.5,10,binary,0.0,4497,4497,False,500,0.2464,0.44,2,0.01
0.5,0.0,0,1.0,0.5,0.5,10,binary,0.1,364,364,False,500,0.2451,0.43,2,0.01
0.5,0.0,0,1.0,0.5,0.5,10,binary,0.1,1364,1364,False,500,0.2475,0.45,2,0.01
0.5,0.0,0,1.0,0.5,0.5,10,binary,0.1,2364,2364,False,500,0.2451,0.57,2,0.01
0.5,0.0,0,1.0,0.5,0.5,10,binary,0.1,3364,3364,False,500,0.25,0.5,2,0.01
0.5,0.0,0,1.0,0.5,0.5,10,binary,0.1,4364,4364,False,500,0.2496,0.52,2,0.01
0.5,0.0,0,1.0,0.5,0.5,10,binary,0.2,418,418,False,500,0.2484,0.46,2,0.01
0.5,0.0,0,1.0,0.5,0.5,10,binary,0.2,1418,1418,False,500,0.2496,0.48,2,0.01
0.5,0.0,0,1.0,0.5,0.5,10,binary,0.2,2418,2418,False,500,0.2464,0.44,2,0.01
0.5,0.0,0,1.0,0.5,0.5,10,binary,0.2,3418,3418,False,500,0.25,0.5,2,0.01
0.5,0.0,0,1.0,0.5,0.5,10,binary,0.2,4418,4418,False,500,0.2475,0.45,2,0.01
0.5,0.0,0,1.0,0.5,0.5,10,ternary,0.0,467,467,True,164,0.0,0.5,1,nan
0.5,0.0,0,1.0,0.5,0.5,10,ternary,0.0,1467,1467,True,101,0.0,0.5,1,nan
0.5,0.0,0,1.0,0.5,0.5,10,ternary,0.0,2467,2467,True,114,0.0,0.5,1,nan
0.5,0.0,0,1.0,0.5,0.5,10,ternary,0.0,3467,3467,True,189,0.0,0.5,1,nan
0.5,0.0,0,1.0,0.5,0.5,10,ternary,0.0,4467,4467,True,179,0.0,0.0,1,0.01
0.5,0.0,0,1.0,0.5,0.5,10,ternary,0.1,239,239,False,500,0.121875,0.525,3,0.01
0.5,0.0,0,1.0,0.5,0.5,10,ternary,0.1,1239,1239,False,500,0.056875,0.375,3,0.01
0.5,0.0,0,1.0,0.5,0.5,10,ternary,0.1,2239,2239,False,500,0.061275,0.285,2,0.01
0.5,0.0,0,1.0,0.5,0.5,10,ternary,0.1,3239,3239,False,500,0.106275,0.215,3,0.01
0.5,0.0,0,1.0,0.5,0.5,10,ternary,0.1,4239,4239,False,500,0.074475,0.305,3,0.01
0.5,0.0,0,1.0,0.5,0.5,10,ternary,0.2,318,318,False,500,0.1691,0.47,3,0.01
0.5,0.0,0,1.0,0.5,0.5,10,ternary,0.2,1318,1318,False,500,0.164275,0.635,3,0.01
0.5,0.0,0,1.0,0.5,0.5,10,ternary,0.2,2318,2318,False,500,0.1126,0.68,3,0.01
0.5,0.0,0,1.0,0.5,0.5,10,ternary,0.2,3318,3318,False,500,0.156875,0.525,3,0.01
0.5,0.0,0,1.0,0.5,0.5,10,ternary,0.2,4318,4318,False,500,0.1264,0.44,3,0.01
0.5,0.0,0,1.0,1.0,0.1,10,continuous,0.0,948,948,True,60,0.000989,0.489,1,nan
0.5,0.0,0,1.0,1.0,0.1,10,continuous,0.0,1948,1948,True,45,0.000975,0.4694,1,nan
0.5,0.0,0,1.0,1.0,0.1,10,continuous,0.0,2948,2948,True,40,0.000997,0.5189,1,nan
0.5,0.0,0,1.0,1.0,0.1,10,continuous,0.0,3948,3948,True,63,0.000977,0.4776,1,nan
0.5,0.0,0,1.0,1.0,0.1,10,continuous,0.0,4948,4948,True,59,0.000976,0.4943,1,nan
0.5,0.0,0,1.0,1.0,0.1,10,continuous,0.1,722,722,False,500,0.007991,0.453,3,0.01
0.5,0.0,0,1.0,1.0,0.1,10,continuous,0.1,1722,1722,False,500,0.01199,0.6254,4,0.01
0.5,0.0,0,1.0,1.0,0.1,10,continuous,0.1,2722,2722,False,500,0.010198,0.3907,4,0.01
0.5,0.0,0,1.0,1.0,0.1,10,continuous,0.1,3722,3722,False,500,0.018658,0.5695,4,0.01
0.5,0.0,0,1.0,1.0,0.1,10,continuous,0.1,4722,4722,False,500,0.011618,0.2703,3,0.01
0.5,0.0,0,1.0,1.0,0.1,10,continuous,0.2,546,546,False,500,0.022942,0.4779,4,0.01
0.5,0.0,0,1.0,1.0,0.1,10,continuous,0.2,1546,1546,False,500,0.014776,0.4385,5,0.01
0.5,0.0,0,1.0,1.0,0.1,10,continuous,0.2,2546,2546,False,500,0.01972,0.3945,6,0.01
0.5,0.0,0,1.0,1.0,0.1,10,continuous,0.2,3546,3546,False,500,0.023488,0.4354,6,0.01
0.5,0.0,0,1.0,1.0,0.1,10,continuous,0.2,4546,4546,False,500,0.01335,0.4186,5,0.01
0.5,0.0,0,1.0,1.0,0.1,10,binary,0.0,819,819,False,500,0.2496,0.52,2,0.01
0.5,0.0,0,1.0,1.0,0.1,10,binary,0.0,1819,1819,False,500,0.2484,0.54,2,0.01
0.5,0.0,0,1.0,1.0,0.1,10,binary,0.0,2819,2819,False,500,0.2436,0.42,2,0.01
0.5,0.0,0,1.0,1.0,0.1,10,binary,0.0,3819,3819,False,500,0.2475,0.45,2,0.01
0.5,0.0,0,1.0,1.0,0.1,10,binary,0.0,4819,4819,False,500,0.2491,0.53,2,0.01
0.5,0.0,0,1.0,1.0,0.1,10,binary,0.1,671,671,False,500,0.2436,0.42,2,0.01
0.5,0.0,0,1.0,1.0,0.1,10,binary,0.1,1671,1671,False,500,0.2496,0.48,2,0.01
0.5,0.0,0,1.0,1.0,0.1,10,binary,0.1,2671,2671,False,500,0.2475,0.55,2,0.01
0.5,0.0,0,1.0,1.0,0.1,10,binary,0.1,3671,3671,False,500,0.2451,0.57,2,0.01
0.5,0.0,0,1.0,1.0,0.1,10,binary,0.1,4671,4671,False,500,0.25,0.5,2,0.01
0.5,0.0,0,1.0,1.0,0.1,10,binary,0.2,119,119,False,500,0.2499,0.51,2,0.01
0.5,0.0,0,1.0,1.0,0.1,10,binary,0.2,1119,1119,False,500,0.2475,0.45,2,0.01
0.5,0.0,0,1.0,1.0,0.1,10,binary,0.2,2119,2119,False,500,0.25,0.5,2,0.01
0.5,0.0,0,1.0,1.0,0.1,10,binary,0.2,3119,3119,False,500,0.2499,0.51,2,0.01
0.5,0.0,0,1.0,1.0,0.1,10,binary,0.2,4119,4119,False,500,0.2451,0.57,2,0.01
0.5,0.0,0,1.0,1.0,0.1,10,ternary,0.0,115,115,False,500,0.1346,0.52,3,0.01
0.5,0.0,0,1.0,1.0,0.1,10,ternary,0.0,1115,1115,False,500,0.125,0.5,3,0.01
0.5,0.0,0,1.0,1.0,0.1,10,ternary,0.0,2115,2115,False,500,0.1149,0.49,3,0.01
0.5,0.0,0,1.0,1.0,0.1,10,ternary,0.0,3115,3115,False,500,0.1449,0.51,3,0.01
0.5,0.0,0,1.0,1.0,0.1,10,ternary,0.0,4115,4115,False,500,0.1384,0.54,3,0.01
0.5,0.0,0,1.0,1.0,0.1,10,ternary,0.1,602,602,False,500,0.126875,0.525,3,0.01
0.5,0.0,0,1.0,1.0,0.1,10,ternary,0.1,1602,1602,False,500,0.1096,0.52,3,0.01
0.5,0.0,0,1.0,1.0,0.1,10,ternary,0.1,2602,2602,False,500,0.104475,0.445,3,0.01
0.5,0.0,0,1.0,1.0,0.1,10,ternary,0.1,3602,3602,False,500,0.1041,0.47,3,0.01
0.5,0.0,0,1.0,1.0,0.1,10,ternary,0.1,4602,4602,False,500,0.132275,0.515,3,0.01
0.5,0.0,0,1.0,1.0,0.1,10,ternary,0.2,86,86,False,500,0.1241,0.47,3,0.01
0.5,0.0,0,1.0,1.0,0.1,10,ternary,0.2,1086,1086,False,500,0.1149,0.49,3,0.01
0.5,0.0,0,1.0,1.0,0.1,10,ternary,0.2,2086,2086,False,500,0.141875,0.525,3,0.01
0.5,0.0,0,1.0,1.0,0.1,10,ternary,0.2,3086,3086,False,500,0.122275,0.485,3,0.01
0.5,0.0,0,1.0,1.0,0.1,10,ternary,0.2,4086,4086,False,500,0.1199,0.49,3,0.01
0.5,0.0,0,1.0,1.0,0.3,10,continuous,0.0,220,220,True,13,0.000927,0.4973,1,nan
0.5,0.0,0,1.0,1.0,0.3,10,continuous,0.0,1220,1220,True,26,0.000946,0.4668,1,nan
0.5,0.0,0,1.0,1.0,0.3,10,continuous,0.0,2220,2220,True,20,0.000962,0.5352,1,nan
0.5,0.0,0,1.0,1.0,0.3,10,continuous,0.0,3220,3220,True,15,0.00097,0.5063,1,nan
0.5,0.0,0,1.0,1.0,0.3,10,continuous,0.0,4220,4220,True,24,0.000914,0.5069,1,nan
0.5,0.0,0,1.0,1.0,0.3,10,continuous,0.1,284,284,False,500,0.021636,0.6025,6,0.01
0.5,0.0,0,1.0,1.0,0.3,10,continuous,0.1,1284,1284,False,500,0.008621,0.5381,4,0.01
0.5,0.0,0,1.0,1.0,0.3,10,continuous,0.1,2284,2284,False,500,0.024983,0.3162,3,0.01
0.5,0.0,0,1.0,1.0,0.3,10,continuous,0.1,3284,3284,False,500,0.013317,0.6694,4,0.01
0.5,0.0,0,1.0,1.0,0.3,10,continuous,0.1,4284,4284,False,500,0.010088,0.4141,5,0.01
0.5,0.0,0,1.0,1.0,0.3,10,continuous,0.2,686,686,False,500,0.026897,0.6223,6,0.01
0.5,0.0,0,1.0,1.0,0.3,10,continuous,0.2,1686,1686,False,500,0.023028,0.5346,4,0.01
0.5,0.0,0,1.0,1.0,0.3,10,continuous,0.2,2686,2686,False,500,0.016212,0.5738,3,0.01
0.5,0.0,0,1.0,1.0,0.3,10,continuous,0.2,3686,3686,False,500,0.022672,0.4091,5,0.01
0.5,0.0,0,1.0,1.0,0.3,10,continuous,0.2,4686,4686,False,500,0.02009,0.4685,5,0.01
0.5,0.0,0,1.0,1.0,0.3,10,binary,0.0,334,334,False,500,0.2491,0.53,2,0.01
0.5,0.0,0,1.0,1.0,0.3,10,binary,0.0,1334,1334,False,500,0.2464,0.44,2,0.01
0.5,0.0,0,1.0,1.0,0.3,10,binary,0.0,2334,2334,False,500,0.2436,0.42,2,0.01
0.5,0.0,0,1.0,1.0,0.3,10,binary,0.0,3334,3334,False,500,0.2419,0.41,2,0.01
0.5,0.0,0,1.0,1.0,0.3,10,binary,0.0,4334,4334,False,500,0.2491,0.53,2,0.01
0.5,0.0,0,1.0,1.0,0.3,10,binary,0.1,366,366,False,500,0.2464,0.56,2,0.01
0.5,0.0,0,1.0,1.0,0.3,10,binary,0.1,1366,1366,False,500,0.2491,0.47,2,0.01
0.5,0.0,0,1.0,1.0,0.3,10,binary,0.1,2366,2366,False,500,0.2496,0.52,2,0.01
0.5,0.0,0,1.0,1.0,0.3,10,binary,0.1,3366,3366,False,500,0.2499,0.51,2,0.01
0.5,0.0,0,1.0,1.0,0.3,10,binary,0.1,4366,4366,False,500,0.2496,0.48,2,0.01
0.5,0.0,0,1.0,1.0,0.3,10,binary,0.2,966,966,False,500,0.2496,0.48,2,0.01
0.5,0.0,0,1.0,1.0,0.3,10,binary,0.2,1966,1966,False,500,0.2419,0.59,2,0.01
0.5,0.0,0,1.0,1.0,0.3,10,binary,0.2,2966,2966,False,500,0.2484,0.54,2,0.01
0.5,0.0,0,1.0,1.0,0.3,10,binary,0.2,3966,3966,False,500,0.2496,0.48,2,0.01
0.5,0.0,0,1.0,1.0,0.3,10,binary,0.2,4966,4966,False,500,0.25,0.5,2,0.01
0.5,0.0,0,1.0,1.0,0.3,10,ternary,0.0,878,878,False,500,0.069475,0.555,3,0.01
0.5,0.0,0,1.0,1.0,0.3,10,ternary,0.0,1878,1878,False,500,0.0525,0.45,3,0.01
0.5,0.0,0,1.0,1.0,0.3,10,ternary,0.0,2878,2878,False,500,0.0649,0.51,3,0.01
0.5,0.0,0,1.0,1.0,0.3,10,ternary,0.0,3878,3878,False,500,0.0696,0.48,3,0.01
0.5,0.0,0,1.0,1.0,0.3,10,ternary,0.0,4878,4878,False,500,0.0696,0.48,3,0.01
0.5,0.0,0,1.0,1.0,0.3,10,ternary,0.1,766,766,False,500,0.0496,0.52,3,0.01
0.5,0.0,0,1.0,1.0,0.3,10,ternary,0.1,1766,1766,False,500,0.076875,0.475,3,0.01
0.5,0.0,0,1.0,1.0,0.3,10,ternary,0.1,2766,2766,False,500,0.058275,0.565,3,0.01
0.5,0.0,0,1.0,1.0,0.3,10,ternary,0.1,3766,3766,False,500,0.052475,0.495,3,0.01
0.5,0.0,0,1.0,1.0,0.3,10,ternary,0.1,4766,4766,False,500,0.0675,0.45,3,0.01
0.5,0.0,0,1.0,1.0,0.3,10,ternary,0.2,684,684,False,500,0.0541,0.47,3,0.01
0.5,0.0,0,1.0,1.0,0.3,10,ternary,0.2,1684,1684,False,500,0.078475,0.405,3,0.01
0.5,0.0,0,1.0,1.0,0.3,10,ternary,0.2,2684,2684,False,500,0.0664,0.56,3,0.01
0.5,0.0,0,1.0,1.0,0.3,10,ternary,0.2,3684,3684,False,500,0.0641,0.53,3,0.01
0.5,0.0,0,1.0,1.0,0.3,10,ternary,0.2,4684,4684,False,500,0.0834,0.54,3,0.01
0.5,0.0,0,1.0,1.0,0.5,10,continuous,0.0,637,637,True,9,0.000629,0.5331,1,nan
0.5,0.0,0,1.0,1.0,0.5,10,continuous,0.0,1637,1637,True,11,0.000962,0.5046,1,nan
0.5,0.0,0,1.0,1.0,0.5,10,continuous,0.0,2637,2637,True,12,0.000993,0.5119,1,nan
0.5,0.0,0,1.0,1.0,0.5,10,continuous,0.0,3637,3637,True,12,0.000814,0.527,1,nan
0.5,0.0,0,1.0,1.0,0.5,10,continuous,0.0,4637,4637,True,15,0.000927,0.5727,1,nan
0.5,0.0,0,1.0,1.0,0.5,10,continuous,0.1,614,614,False,500,0.014519,0.4576,4,0.01
0.5,0.0,0,1.0,1.0,0.5,10,continuous,0.1,1614,1614,False,500,0.009669,0.4256,6,0.01
0.5,0.0,0,1.0,1.0,0.5,10,continuous,0.1,2614,2614,False,500,0.017511,0.5276,5,0.01
0.5,0.0,0,1.0,1.0,0.5,10,continuous,0.1,3614,3614,False,500,0.011607,0.4903,6,0.01
0.5,0.0,0,1.0,1.0,0.5,10,continuous,0.1,4614,4614,False,500,0.007866,0.4564,4,0.01
0.5,0.0,0,1.0,1.0,0.5,10,continuous,0.2,285,285,False,500,0.025251,0.4189,6,0.01
0.5,0.0,0,1.0,1.0,0.5,10,continuous,0.2,1285,1285,False,500,0.030468,0.4992,5,0.01
0.5,0.0,0,1.0,1.0,0.5,10,continuous,0.2,2285,2285,False,500,0.032195,0.5386,3,0.01
0.5,0.0,0,1.0,1.0,0.5,10,continuous,0.2,3285,3285,False,500,0.032992,0.5167,5,0.01
0.5,0.0,0,1.0,1.0,0.5,10,continuous,0.2,4285,4285,False,500,0.029909,0.452,5,0.01
0.5,0.0,0,1.0,1.0,0.5,10,binary,0.0,757,757,True,16,0.0,0.0,1,0.01
0.5,0.0,0,1.0,1.0,0.5,10,binary,0.0,1757,1757,True,67,0.0,0.0,1,0.01
0.5,0.0,0,1.0,1.0,0.5,10,binary,0.0,2757,2757,True,119,0.0,1.0,1,0.01
0.5,0.0,0,1.0,1.0,0.5,10,binary,0.0,3757,3757,True,32,0.0,1.0,1,0.01
0.5,0.0,0,1.0,1.0,0.5,10,binary,0.0,4757,4757,True,117,0.0,1.0,1,0.01
0.5,0.0,0,1.0,1.0,0.5,10,binary,0.1,242,242,False,500,0.0384,0.96,2,0.01
0.5,0.0,0,1.0,1.0,0.5,10,binary,0.1,1242,1242,False,500,0.2419,0.41,2,0.01
0.5,0.0,0,1.0,1.0,0.5,10,binary,0.1,2242,2242,False,500,0.2496,0.48,2,0.01
0.5,0.0,0,1.0,1.0,0.5,10,binary,0.1,3242,3242,False,500,0.24,0.4,2,0.01
0.5,0.0,0,1.0,1.0,0.5,10,binary,0.1,4242,4242,False,500,0.1204,0.14,2,0.01
0.5,0.0,0,1.0,1.0,0.5,10,binary,0.2,868,868,False,500,0.1204,0.86,2,0.01
0.5,0.0,0,1.0,1.0,0.5,10,binary,0.2,1868,1868,False,500,0.24,0.6,2,0.01
0.5,0.0,0,1.0,1.0,0.5,10,binary,0.2,2868,2868,False,500,0.2451,0.43,2,0.01
0.5,0.0,0,1.0,1.0,0.5,10,binary,0.2,3868,3868,False,500,0.2016,0.28,2,0.01
0.5,0.0,0,1.0,1.0,0.5,10,binary,0.2,4868,4868,False,500,0.2331,0.37,2,0.01
0.5,0.0,0,1.0,1.0,0.5,10,ternary,0.0,69,69,True,19,0.0,0.5,1,nan
0.5,0.0,0,1.0,1.0,0.5,10,ternary,0.0,1069,1069,True,88,0.0,0.5,1,nan
0.5,0.0,0,1.0,1.0,0.5,10,ternary,0.0,2069,2069,True,215,0.0,0.5,1,nan
0.5,0.0,0,1.0,1.0,0.5,10,ternary,0.0,3069,3069,True,33,0.0,0.5,1,nan
0.5,0.0,0,1.0,1.0,0.5,10,ternary,0.0,4069,4069,True,195,0.0,0.0,1,0.01
0.5,0.0,0,1.0,1.0,0.5,10,ternary,0.1,453,453,False,500,0.0724,0.76,3,0.01
0.5,0.0,0,1.0,1.0,0.5,10,ternary,0.1,1453,1453,False,500,0.1096,0.52,3,0.01
0.5,0.0,0,1.0,1.0,0.5,10,ternary,0.1,2453,2453,False,500,0.0589,0.69,2,0.01
0.5,0.0,0,1.0,1.0,0.5,10,ternary,0.1,3453,3453,False,500,0.059275,0.615,3,0.01
0.5,0.0,0,1.0,1.0,0.5,10,ternary,0.1,4453,4453,False,500,0.025,0.5,3,0.01
0.5,0.0,0,1.0,1.0,0.5,10,ternary,0.2,290,290,False,500,0.061875,0.475,3,0.01
0.5,0.0,0,1.0,1.0,0.5,10,ternary,0.2,1290,1290,False,500,0.07,0.4,3,0.01
0.5,0.0,0,1.0,1.0,0.5,10,ternary,0.2,2290,2290,False,500,0.0826,0.68,3,0.01
0.5,0.0,0,1.0,1.0,0.5,10,ternary,0.2,3290,3290,False,500,0.050275,0.415,3,0.01
0.5,0.0,0,1.0,1.0,0.5,10,ternary,0.2,4290,4290,False,500,0.1029,0.61,3,0.01
